<?xml version="1.0"?>
<toolchains xmlns="http://maven.apache.org/TOOLCHAINS/1.1.0"
  xmlns:xsi="http://www.w3.org/2001/XMLSchema-instance"
  xsi:schemaLocation="http://maven.apache.org/TOOLCHAINS/1.1.0 https://maven.apache.org/xsd/toolchains-1.1.0.xsd">
  <toolchain>
    <type>jdk</type>
    <provides>
      <version>21</version>
      <vendor>temurin</vendor>
      <id>temurin_21</id>
    </provides>
    <configuration>
      <jdkHome>/opt/hostedtoolcache/Java_Temurin-Hotspot_jdk/21.0.6-7/x64</jdkHome>
    </configuration>
  </toolchain>
</toolchains>